operation,representation,observations,samples,min_ns_per_op,median_ns_per_op,max_ns_per_op,payload_bytes
encode,JSON,1,5,200.0000,281.0000,3036.0000,71
encode,CBOR,1,5,341.0000,361.0000,831.0000,59
encode,OMWEI,1,5,40.0000,40.0000,60.0000,6
encode,OMWEI-128,1,5,40.0000,50.0000,50.0000,16
decode,JSON,1,5,341.0000,391.0000,2946.0000,71
decode,CBOR,1,5,280.0000,341.0000,3366.0000,59
decode,OMWEI,1,5,30.0000,30.0000,121.0000,6
encode,JSON,1000,5,107.2340,231.1400,238.5940,71
encode,CBOR,1000,5,156.8790,196.1130,255.8970,59
encode,OMWEI,1000,5,11.1210,11.1320,11.1410,6
encode,OMWEI-128,1000,5,12.6750,12.6840,12.6950,16
decode,JSON,1000,5,160.7060,161.5080,186.5350,71
decode,CBOR,1000,5,127.1220,127.2120,148.1220,59
decode,OMWEI,1000,5,2.8150,2.8260,2.8660,6
encode,JSON,100000,5,96.0545,96.8906,97.9043,71
encode,CBOR,100000,5,174.8903,180.2146,181.4827,59
encode,OMWEI,100000,5,11.1762,11.1805,11.3416,6
encode,OMWEI-128,100000,5,12.7295,12.7762,12.8252,16
decode,JSON,100000,5,162.3265,163.0972,166.2710,71
decode,CBOR,100000,5,128.3302,128.6899,129.1737,59
decode,OMWEI,100000,5,2.7572,2.7588,2.8459,6
encode,JSON,1000000,5,95.8977,96.1810,101.4580,71
encode,CBOR,1000000,5,178.4927,178.8152,179.6413,59
encode,OMWEI,1000000,5,11.1871,11.1985,11.2232,6
encode,OMWEI-128,1000000,5,12.7607,12.7660,12.7740,16
decode,JSON,1000000,5,163.7429,164.2019,164.7074,71
decode,CBOR,1000000,5,129.1684,130.1142,131.4448,59
decode,OMWEI,1000000,5,2.7821,2.7839,2.7862,6
