operation,representation,observations,samples,min_ns_per_op,median_ns_per_op,max_ns_per_op,baseline_median_ns_per_op,corrected_median_ns_per_op,payload_bytes
encode,JSON,1,7,140.0000,150.0000,320.0000,30.0000,120.0000,71
encode,CBOR,1,7,181.0000,191.0000,260.0000,30.0000,161.0000,59
encode,OMWEI,1,7,40.0000,40.0000,41.0000,30.0000,10.0000,6
encode,OMWEI-128,1,7,40.0000,40.0000,50.0000,30.0000,10.0000,16
decode,JSON,1,7,180.0000,190.0000,281.0000,30.0000,160.0000,71
decode,CBOR,1,7,140.0000,150.0000,251.0000,30.0000,120.0000,59
decode,OMWEI,1,7,30.0000,30.0000,50.0000,30.0000,0.0000,6
encode,JSON,1000,7,107.0310,120.4060,129.2120,0.6420,119.7650,71
encode,CBOR,1000,7,169.4380,170.4510,181.1900,0.6420,169.8100,59
encode,OMWEI,1000,7,11.1110,11.1210,11.1410,0.6420,10.4790,6
encode,OMWEI-128,1000,7,12.6730,12.6840,12.7230,0.6420,12.0430,16
decode,JSON,1000,7,162.1140,163.3160,174.1970,0.6420,162.6750,71
decode,CBOR,1000,7,120.1360,120.2250,129.7740,0.6420,119.5840,59
decode,OMWEI,1000,7,2.7950,2.8250,2.8350,0.6420,2.1840,6
encode,JSON,100000,7,106.9500,107.4789,110.1810,0.6169,106.8551,71
encode,CBOR,100000,7,180.7450,181.1663,182.2867,0.6169,180.5494,59
encode,OMWEI,100000,7,11.1750,11.1849,11.2535,0.6169,10.5664,6
encode,OMWEI-128,100000,7,12.7279,12.7343,12.8280,0.6169,12.1131,16
decode,JSON,100000,7,163.2110,163.6922,165.1963,0.6169,163.0753,71
decode,CBOR,100000,7,124.1936,125.5346,125.7413,0.6169,124.9165,59
decode,OMWEI,100000,7,2.7602,2.8067,3.3637,0.6169,2.1526,6
encode,JSON,1000000,7,107.4199,107.5875,108.7242,0.6258,106.9611,71
encode,CBOR,1000000,7,180.5684,180.6447,180.9949,0.6258,180.0202,59
encode,OMWEI,1000000,7,11.1856,11.1997,11.2314,0.6258,10.5725,6
encode,OMWEI-128,1000000,7,12.7551,12.7629,12.7707,0.6258,12.1371,16
decode,JSON,1000000,7,163.7180,163.8277,164.2786,0.6258,163.2013,71
decode,CBOR,1000000,7,123.6204,124.1455,136.0365,0.6258,123.5191,59
decode,OMWEI,1000000,7,2.8287,2.8483,2.8561,0.6258,2.2175,6
